Location,Walkability
Comparable Rural Area,6.822480633802817
Entire State,7.531809993906155
Manistee County,6.023821428571429
